image,output
green151.jpg,2
green152.jpg,2
green153.jpg,2
green154.jpg,2
green155.jpg,2
green156.jpg,2
green157.jpg,2
green158.jpg,2
green159.jpg,2
green160.jpg,2
green161.jpg,2
green162.jpg,2
green163.jpg,2
green164.jpg,2
green165.jpg,2
green166.jpg,2
green167.jpg,2
green168.jpg,2
green169.jpg,2
green170.jpg,2
green171.jpg,2
green172.jpg,2
green173.jpg,2
green174.jpg,2
green175.jpg,2
green176.jpg,2
green177.jpg,2
green178.jpg,2
green179.jpg,2
green180.jpg,2
green297.jpg,2
green298.jpg,2
green299.jpg,2
green300.jpg,2
green301.jpg,2
green302.jpg,2
green303.jpg,2
green304.jpg,2
green305.jpg,2
green306.jpg,2
green307.jpg,2
green308.jpg,2
green309.jpg,2
green310.jpg,2
green311.jpg,2
green312.jpg,2
green313.jpg,2
green314.jpg,2
green315.jpg,2
green316.jpg,2
green317.jpg,2
green318.jpg,2
green319.jpg,2
green320.jpg,2
green321.jpg,2
green322.jpg,2
green323.jpg,2
green324.jpg,2
green325.jpg,2
green326.jpg,2
green327.jpg,2
green328.jpg,2
green329.jpg,2
green330.jpg,2
green331.jpg,2
green332.jpg,2
green333.jpg,2
green334.jpg,2
green335.jpg,2
green336.jpg,2
green337.jpg,2
green338.jpg,2
green339.jpg,2
green340.jpg,2
green341.jpg,2
green342.jpg,2
green343.jpg,2
green344.jpg,2
green345.jpg,2
green346.jpg,2
green347.jpg,2
green348.jpg,2
green349.jpg,2
green350.jpg,2
green351.jpg,2
green352.jpg,2
green353.jpg,2
green354.jpg,2
green355.jpg,2
green356.jpg,2
green357.jpg,2
green358.jpg,2
green359.jpg,2
green360.jpg,2
green361.jpg,2
green362.jpg,2
green363.jpg,2
green364.jpg,2
green365.jpg,2
green366.jpg,2
green367.jpg,2
green368.jpg,2
green369.jpg,2
green370.jpg,2
green371.jpg,2
green372.jpg,2
green373.jpg,2
green545.jpg,2
green546.jpg,2
green547.jpg,2
green548.jpg,2
green549.jpg,2
green550.jpg,2
green551.jpg,2
green552.jpg,2
green553.jpg,2
green554.jpg,2
green555.jpg,2
green556.jpg,2
green557.jpg,2
green558.jpg,2
green559.jpg,2
green560.jpg,2
green561.jpg,2
green562.jpg,2
green563.jpg,2
green564.jpg,2
green565.jpg,2
green566.jpg,2
green567.jpg,2
green568.jpg,2
green569.jpg,2
green570.jpg,2
green571.jpg,2
green572.jpg,2
green573.jpg,2
green574.jpg,2
green575.jpg,2
green576.jpg,2
green577.jpg,2
green578.jpg,2
green579.jpg,2
green580.jpg,2
green581.jpg,2
green582.jpg,2
green583.jpg,2
green584.jpg,2
green585.jpg,2
green586.jpg,2
green587.jpg,2
green61.jpg,2
green618.jpg,2
green619.jpg,2
green62.jpg,2
green620.jpg,2
green621.jpg,2
green622.jpg,2
green623.jpg,2
green624.jpg,2
green625.jpg,2
green626.jpg,2
green627.jpg,2
green628.jpg,2
green629.jpg,2
green63.jpg,2
green630.jpg,2
green631.jpg,2
green632.jpg,2
green64.jpg,2
green65.jpg,2
green66.jpg,2
green67.jpg,2
green68.jpg,2
green69.jpg,2
green70.jpg,2
green71.jpg,2
green72.jpg,2
green73.jpg,2
green74.jpg,2
green75.jpg,2
green76.jpg,2
green77.jpg,2
green78.jpg,2
green79.jpg,2
green80.jpg,2
green81.jpg,2
green82.jpg,2
green83.jpg,2
green84.jpg,2
green85.jpg,2
green86.jpg,2
green87.jpg,2
green88.jpg,2
green89.jpg,2
green90.jpg,2
none1.jpg,0
none10.jpg,0
none100.jpg,0
none101.jpg,0
none102.jpg,0
none103.jpg,0
none104.jpg,0
none105.jpg,0
none106.jpg,0
none107.jpg,0
none108.jpg,0
none109.jpg,0
none11.jpg,0
none110.jpg,0
none111.jpg,0
none112.jpg,0
none113.jpg,0
none114.jpg,0
none115.jpg,0
none116.jpg,0
none117.jpg,0
none118.jpg,0
none119.jpg,0
none12.jpg,0
none13.jpg,0
none14.jpg,0
none15.jpg,0
none16.jpg,0
none17.jpg,0
none18.jpg,0
none181.jpg,0
none182.jpg,0
none183.jpg,0
none184.jpg,0
none185.jpg,0
none186.jpg,0
none187.jpg,0
none188.jpg,0
none189.jpg,0
none19.jpg,0
none190.jpg,0
none191.jpg,0
none192.jpg,0
none193.jpg,0
none194.jpg,0
none195.jpg,0
none196.jpg,0
none197.jpg,0
none198.jpg,0
none199.jpg,0
none2.jpg,0
none20.jpg,0
none200.jpg,0
none201.jpg,0
none202.jpg,0
none203.jpg,0
none204.jpg,0
none205.jpg,0
none206.jpg,0
none207.jpg,0
none208.jpg,0
none209.jpg,0
none21.jpg,0
none210.jpg,0
none211.jpg,0
none212.jpg,0
none213.jpg,0
none214.jpg,0
none215.jpg,0
none216.jpg,0
none217.jpg,0
none218.jpg,0
none219.jpg,0
none22.jpg,0
none220.jpg,0
none221.jpg,0
none222.jpg,0
none223.jpg,0
none224.jpg,0
none225.jpg,0
none226.jpg,0
none227.jpg,0
none228.jpg,0
none229.jpg,0
none23.jpg,0
none230.jpg,0
none231.jpg,0
none232.jpg,0
none233.jpg,0
none234.jpg,0
none235.jpg,0
none236.jpg,0
none237.jpg,0
none238.jpg,0
none239.jpg,0
none24.jpg,0
none240.jpg,0
none241.jpg,0
none242.jpg,0
none243.jpg,0
none244.jpg,0
none245.jpg,0
none246.jpg,0
none25.jpg,0
none26.jpg,0
none27.jpg,0
none28.jpg,0
none29.jpg,0
none3.jpg,0
none30.jpg,0
none374.jpg,0
none375.jpg,0
none376.jpg,0
none377.jpg,0
none378.jpg,0
none379.jpg,0
none380.jpg,0
none381.jpg,0
none382.jpg,0
none383.jpg,0
none384.jpg,0
none385.jpg,0
none386.jpg,0
none387.jpg,0
none388.jpg,0
none389.jpg,0
none390.jpg,0
none391.jpg,0
none392.jpg,0
none393.jpg,0
none394.jpg,0
none395.jpg,0
none396.jpg,0
none397.jpg,0
none4.jpg,0
none5.jpg,0
none588.jpg,0
none589.jpg,0
none590.jpg,0
none591.jpg,0
none592.jpg,0
none593.jpg,0
none594.jpg,0
none595.jpg,0
none596.jpg,0
none597.jpg,0
none598.jpg,0
none599.jpg,0
none6.jpg,0
none600.jpg,0
none601.jpg,0
none7.jpg,0
none8.jpg,0
none9.jpg,0
none91.jpg,0
none92.jpg,0
none93.jpg,0
none94.jpg,0
none95.jpg,0
none96.jpg,0
none97.jpg,0
none98.jpg,0
none99.jpg,0
red120.jpg,1
red121.jpg,1
red122.jpg,1
red123.jpg,1
red124.jpg,1
red125.jpg,1
red126.jpg,1
red127.jpg,1
red128.jpg,1
red129.jpg,1
red130.jpg,1
red131.jpg,1
red132.jpg,1
red133.jpg,1
red134.jpg,1
red135.jpg,1
red136.jpg,1
red137.jpg,1
red138.jpg,1
red139.jpg,1
red140.jpg,1
red141.jpg,1
red142.jpg,1
red143.jpg,1
red144.jpg,1
red145.jpg,1
red146.jpg,1
red147.jpg,1
red148.jpg,1
red149.jpg,1
red150.jpg,1
red247.jpg,1
red248.jpg,1
red249.jpg,1
red250.jpg,1
red251.jpg,1
red252.jpg,1
red253.jpg,1
red254.jpg,1
red255.jpg,1
red256.jpg,1
red257.jpg,1
red258.jpg,1
red259.jpg,1
red260.jpg,1
red261.jpg,1
red262.jpg,1
red263.jpg,1
red264.jpg,1
red265.jpg,1
red266.jpg,1
red267.jpg,1
red268.jpg,1
red269.jpg,1
red270.jpg,1
red271.jpg,1
red272.jpg,1
red273.jpg,1
red274.jpg,1
red275.jpg,1
red276.jpg,1
red277.jpg,1
red278.jpg,1
red279.jpg,1
red280.jpg,1
red281.jpg,1
red282.jpg,1
red283.jpg,1
red284.jpg,1
red285.jpg,1
red286.jpg,1
red287.jpg,1
red288.jpg,1
red289.jpg,1
red290.jpg,1
red291.jpg,1
red292.jpg,1
red293.jpg,1
red294.jpg,1
red295.jpg,1
red296.jpg,1
red31.jpg,1
red32.jpg,1
red33.jpg,1
red34.jpg,1
red35.jpg,1
red36.jpg,1
red37.jpg,1
red38.jpg,1
red39.jpg,1
red398.jpg,1
red399.jpg,1
red40.jpg,1
red400.jpg,1
red401.jpg,1
red402.jpg,1
red403.jpg,1
red404.jpg,1
red405.jpg,1
red406.jpg,1
red407.jpg,1
red408.jpg,1
red409.jpg,1
red41.jpg,1
red410.jpg,1
red411.jpg,1
red412.jpg,1
red413.jpg,1
red414.jpg,1
red415.jpg,1
red416.jpg,1
red417.jpg,1
red418.jpg,1
red419.jpg,1
red42.jpg,1
red420.jpg,1
red421.jpg,1
red422.jpg,1
red423.jpg,1
red424.jpg,1
red425.jpg,1
red426.jpg,1
red427.jpg,1
red428.jpg,1
red429.jpg,1
red43.jpg,1
red430.jpg,1
red431.jpg,1
red432.jpg,1
red433.jpg,1
red434.jpg,1
red435.jpg,1
red436.jpg,1
red437.jpg,1
red438.jpg,1
red439.jpg,1
red44.jpg,1
red440.jpg,1
red441.jpg,1
red442.jpg,1
red443.jpg,1
red444.jpg,1
red445.jpg,1
red446.jpg,1
red447.jpg,1
red448.jpg,1
red449.jpg,1
red45.jpg,1
red450.jpg,1
red451.jpg,1
red452.jpg,1
red453.jpg,1
red454.jpg,1
red455.jpg,1
red456.jpg,1
red457.jpg,1
red458.jpg,1
red459.jpg,1
red46.jpg,1
red460.jpg,1
red461.jpg,1
red462.jpg,1
red463.jpg,1
red464.jpg,1
red465.jpg,1
red466.jpg,1
red467.jpg,1
red468.jpg,1
red469.jpg,1
red47.jpg,1
red470.jpg,1
red471.jpg,1
red472.jpg,1
red473.jpg,1
red474.jpg,1
red475.jpg,1
red476.jpg,1
red477.jpg,1
red478.jpg,1
red479.jpg,1
red48.jpg,1
red480.jpg,1
red481.jpg,1
red482.jpg,1
red483.jpg,1
red484.jpg,1
red485.jpg,1
red486.jpg,1
red487.jpg,1
red488.jpg,1
red489.jpg,1
red49.jpg,1
red490.jpg,1
red491.jpg,1
red492.jpg,1
red493.jpg,1
red494.jpg,1
red495.jpg,1
red496.jpg,1
red497.jpg,1
red498.jpg,1
red499.jpg,1
red50.jpg,1
red500.jpg,1
red501.jpg,1
red502.jpg,1
red503.jpg,1
red504.jpg,1
red505.jpg,1
red506.jpg,1
red507.jpg,1
red508.jpg,1
red509.jpg,1
red51.jpg,1
red510.jpg,1
red511.jpg,1
red512.jpg,1
red513.jpg,1
red514.jpg,1
red515.jpg,1
red516.jpg,1
red517.jpg,1
red518.jpg,1
red519.jpg,1
red52.jpg,1
red520.jpg,1
red521.jpg,1
red522.jpg,1
red523.jpg,1
red524.jpg,1
red525.jpg,1
red526.jpg,1
red527.jpg,1
red528.jpg,1
red529.jpg,1
red53.jpg,1
red530.jpg,1
red531.jpg,1
red532.jpg,1
red533.jpg,1
red534.jpg,1
red535.jpg,1
red536.jpg,1
red537.jpg,1
red538.jpg,1
red539.jpg,1
red54.jpg,1
red540.jpg,1
red541.jpg,1
red542.jpg,1
red543.jpg,1
red544.jpg,1
red55.jpg,1
red56.jpg,1
red57.jpg,1
red58.jpg,1
red59.jpg,1
red60.jpg,1
red602.jpg,1
red603.jpg,1
red604.jpg,1
red605.jpg,1
red606.jpg,1
red607.jpg,1
red608.jpg,1
red609.jpg,1
red610.jpg,1
red611.jpg,1
red612.jpg,1
red613.jpg,1
red614.jpg,1
red615.jpg,1
red616.jpg,1
red617.jpg,1
